{"cameraMode":{"drawMode":0,"name":"Shaded","section":"Shading Mode"},"sceneLighting":false,"audioPlay":false,"sceneViewState":{"m_AlwaysRefresh":false,"showFog":true,"showSkybox":false,"showFlares":true,"showImageEffects":true,"showParticleSystems":true,"showVisualEffectGraphs":true,"m_FxEnabled":true},"in2DMode":false,"pivot":{"x":13.843052864074707,"y":-1.0730485916137696,"z":0.8280553817749023},"rotation":{"x":-0.019419850781559945,"y":0.924384593963623,"z":-0.047469355165958408,"w":-0.37803006172180178},"size":1.524744987487793,"orthographic":false}