{"cameraMode":{"drawMode":0,"name":"Shaded","section":"Shading Mode"},"sceneLighting":true,"audioPlay":false,"sceneViewState":{"m_AlwaysRefresh":false,"showFog":true,"showSkybox":true,"showFlares":true,"showImageEffects":true,"showParticleSystems":true,"showVisualEffectGraphs":true,"m_FxEnabled":true},"in2DMode":false,"pivot":{"x":15.736541748046875,"y":-0.8230726718902588,"z":2.403090000152588},"rotation":{"x":0.06954551488161087,"y":0.3804952800273895,"z":-0.028712714090943338,"w":0.9217291474342346},"size":1.4300000667572022,"orthographic":false}