{"cameraMode":{"drawMode":0,"name":"Shaded","section":"Shading Mode"},"sceneLighting":false,"audioPlay":false,"sceneViewState":{"m_AlwaysRefresh":false,"showFog":true,"showSkybox":false,"showFlares":true,"showImageEffects":true,"showParticleSystems":true,"showVisualEffectGraphs":true,"m_FxEnabled":true},"in2DMode":false,"pivot":{"x":-4.588427543640137,"y":2.9737324714660646,"z":-5.920000076293945},"rotation":{"x":0.14074154198169709,"y":-0.03712176904082298,"z":0.005278416909277439,"w":0.9893403649330139},"size":0.8660253882408142,"orthographic":false}